<?xml version="1.0" encoding="UTF-8"?>
<metadata>
<idinfo>
<citation>
<citeinfo>
<origin>University of Rhode Island Environmental Data Center</origin>
<origin>State of Rhode Island</origin>
<pubdate>20130319</pubdate>
<title>City and Town Halls; townHalls13</title>
<geoform>vector digital data</geoform>
<pubinfo>
<pubplace>Kingston, RI</pubplace>
<publish>University of Rhode Island Environmental Data Center</publish>
</pubinfo>
<othercit>Suggested bibliographic reference: RIGIS, 2013. City and Town Halls; townHalls13.Rhode Island Geographic Information System (RIGIS) Data Distribution System, URL: http://www.rigis.org, Environmental Data Center, University of Rhode Island, Kingston, Rhode Island (last date accessed: 14 October 2014).</othercit>
<onlink>http://www.rigis.org</onlink>
<lworkcit>
<citeinfo>
<origin>Rhode Island Geographic Information System (RIGIS)</origin>
<pubdate>1993</pubdate>
<title>Rhode Island Geographic Information System (RIGIS) Data Distribution System</title>
<onlink>http://www.rigis.org</onlink>
</citeinfo>
</lworkcit>
</citeinfo>
</citation>
<descript>
<abstract>Locations of city and town halls in Rhode Island.  Derived using information originally compiled by the State of Rhode Island (http://www.ri.gov), and built upon address location data contributed to the Rhode Island Geographic Information System (RIGIS) consortium by the Rhode Island Enhanced 911 Uniform Emergency Telephone System (RIE911).</abstract>
<purpose>Support general cartographic and geographic analysis needs.</purpose>
<supplinf>This dataset was developed with support from Broadband Rhode Island (http://broadband.ri.gov).</supplinf>
</descript>
<timeperd>
<timeinfo>
<sngdate>
<caldate>20130312</caldate>
</sngdate>
</timeinfo>
<current>publication date</current>
</timeperd>
<status>
<progress>Complete</progress>
<update>Irregular</update>
</status>
<spdom>
<bounding>
<westbc>-71.832852</westbc>
<eastbc>-71.170445</eastbc>
<northbc>42.002602</northbc>
<southbc>41.171260</southbc>
</bounding>
</spdom>
<keywords>
<theme>
<themekt>ISO 19115 Topic Categories</themekt>
<themekey>structure</themekey>
</theme>
<theme>
<themekt>none</themekt>
<themekey>city halls</themekey>
<themekey>town halls</themekey>
<themekey>municipal seats of government</themekey>
</theme>
<place>
<placekt>none</placekt>
<placekey>Rhode Island</placekey>
<placekey>New England</placekey>
<placekey>Northeast</placekey>
<placekey>United States</placekey>
</place>
</keywords>
<accconst>None.</accconst>
<useconst>
This dataset is provided 'as is.’  The producer(s) of this dataset, contributors to this dataset, the Rhode Island Geographic Information System (RIGIS) consortium, the State of Rhode Island, and the University of Rhode Island do not make any warranties of any kind for this dataset, and are not liable for any loss or damage however and whenever caused by any use of this dataset.
Please acknowledge both RIGIS and the primary producer(s) of this dataset in any derived products.  Versions of the RIGIS logo suitable for both printed and web-based products are available at http://www.rigis.org/logos.
</useconst>
<ptcontac>
<cntinfo>
<cntorgp>
<cntorg>University of Rhode Island Environmental Data Center</cntorg>
<cntper>Greg Bonynge</cntper>
</cntorgp>
<cntaddr>
<addrtype>mailing and physical</addrtype>
<address>1 Greenhouse Road</address>
<city>Kingston</city>
<state>RI</state>
<postal>02881</postal>
</cntaddr>
<cntvoice>401-874-2180</cntvoice>
<cntemail>greg@edc.uri.edu</cntemail>
<cntinst>email preferred</cntinst>
</cntinfo>
</ptcontac>
<native>Microsoft Windows 7 Version 6.1 (Build 7601) Service Pack 1; Esri ArcGIS 10.1.1.3143</native>
</idinfo>
<dataqual>
<attracc>
<attraccr>Attribute data originally compiled by the State of Rhode Island (http://www.ri.gov/towns).  These attribute data were spot-checked and minor corrections made to a few incomplete addresses.  No formal attribute accuracy assessment test was performed.</attraccr>
</attracc>
<logic>No logical consistency tests were performed on this simple point dataset.</logic>
<complete>All 39 municipal seats of government are represented by this dataset.  There are no null values present in the attributes.</complete>
<posacc>
<horizpa>
<horizpar>No horizontal positional accuracy assessment test was performed.  All locations are believed to be within 100 feet of their actual position.</horizpar>
</horizpa>
</posacc>
<lineage>
<srcinfo>
<srccite>
<citeinfo>
<origin>State of Rhode Island</origin>
<origin>Rhode Island Interactive, a wholly owned subsidiary of NIC USA</origin>
<pubdate>20130312</pubdate>
<title>RI.gov: Rhode Island’s Cities &amp; Towns</title>
<geoform>website</geoform>
<onlink>http://www.ri.gov/towns</onlink>
</citeinfo>
</srccite>
<typesrc>website</typesrc>
<srctime>
<timeinfo>
<sngdate>
<caldate>20130312</caldate>
</sngdate>
</timeinfo>
<srccurr>publication date</srccurr>
</srctime>
<srccitea>RI.gov_website</srccitea>
<srccontr>Street address and other attribute information.</srccontr>
</srcinfo>
<srcinfo>
<srccite>
<citeinfo>
<origin>Rhode Island E-911 Uniform Telephone System  (hereinafter called "RI E-911")</origin>
<origin>AK Associates</origin>
<pubdate>20120925</pubdate>
<title>RI E-911 Sites; e911Sites13q1</title>
<edition>201301</edition>
<geoform>vector digital data</geoform>
<pubinfo>
<pubplace>1951 Smith St. North Providence, RI 02911</pubplace>
<publish>AK Associates on behalf of RI E-911.</publish>
</pubinfo>
<othercit>Suggested bibliographic reference: RIGIS, 2013. RI E-911 Sites; e911Sites13q1. Rhode Island Geographic Information System (RIGIS) Data Distribution System, URL: http://www.rigis.org, Environmental Data Center, University of Rhode Island, Kingston, Rhode Island (last date accessed: 23 January 2013).</othercit>
<onlink>http://www.rigis.org</onlink>
<lworkcit>
<citeinfo>
<origin>Rhode Island Geographic Information System (RIGIS)</origin>
<pubdate>1993</pubdate>
<title>Rhode Island Geographic Information System (RIGIS) Data Distribution System</title>
<onlink>http://www.rigis.org</onlink>
</citeinfo>
</lworkcit>
</citeinfo>
</srccite>
<typesrc>vector digital data</typesrc>
<srctime>
<timeinfo>
<rngdates>
<begdate>199704</begdate>
<enddate>20130107</enddate>
</rngdates>
</timeinfo>
<srccurr>publication date</srccurr>
</srctime>
<srccitea>e911Sites13q1</srccitea>
<srccontr>Street address location information.</srccontr>
</srcinfo>
<srcinfo>
<srccite>
<citeinfo>
<origin>RI Department of Health</origin>
<origin>Rhode Island Geographic Information System  RIGIS</origin>
<pubdate>20050215</pubdate>
<pubtime>Unknown</pubtime>
<title>Townhall locations in Rhode Island</title>
<edition>2004</edition>
<geoform>vector digital data</geoform>
<pubinfo>
<pubplace>Kingston/Providence Rhode Island</pubplace>
<publish>RIGIS</publish>
</pubinfo>
<othercit>The HEALTHgis Program at the Rhode Island Department of Health is a participating member of the Rhode Island Geographic Information System - The RIGIS</othercit>
<onlink>http://www.rigis.org/data/structure.html</onlink>
<lworkcit>
<citeinfo>
<origin>RIDOH HEALTH</origin>
<pubtime>Unknown</pubtime>
<title>Rhode Island Department of Health Database</title>
<geoform>vector digital data</geoform>
<pubinfo>
<pubplace>Providence RI</pubplace>
<publish>RI Department of Health -HEALTH</publish>
</pubinfo>
<onlink>http://www.health.ri.gov/gis</onlink>
</citeinfo>
</lworkcit>
</citeinfo>
</srccite>
<typesrc>vector digital data</typesrc>
<srctime>
<timeinfo>
<sngdate>
<caldate>2005</caldate>
</sngdate>
</timeinfo>
<srccurr>publication date</srccurr>
</srctime>
<srccitea>townhalls05</srccitea>
<srccontr>Location information for quality control purposes.</srccontr>
</srcinfo>
<srcinfo>
<srccite>
<citeinfo>
<origin>Rhode Island Dept. of Transportation, MIS/GIS Section, Two Capital Hill, Providence, R.I.  02908-5872</origin>
<pubdate>200108</pubdate>
<title>Rhode Island State, Coastline and Town Boundaries; ritown5k</title>
<geoform>vector digital data</geoform>
<pubinfo>
<pubplace>Providence, Rhode Island</pubplace>
<publish>RIGIS</publish>
</pubinfo>
<othercit>Rhode Island state, county, town, and coastline boundaries.  Coastline was taken from spring 1997 photography and digitize by Intermap Technologies.  state, county, city, and town lines were created by Rhode Island Dept. of Transportation, MIS/GIS Section,Two Capital Hill, Providence, R.I.  02908-5872.  Line  work was not verified by any state, city, or town agency as to their political or geographic accuracy.  Coastline is verified by Intermap Technologies using Spring 1997 aerial photography.</othercit>
<onlink>http://www.rigis.org</onlink>
</citeinfo>
</srccite>
<typesrc>vector digital data</typesrc>
<srctime>
<timeinfo>
<sngdate>
<caldate>1997</caldate>
</sngdate>
</timeinfo>
<srccurr>publication date</srccurr>
</srctime>
<srccitea>ritown5k</srccitea>
<srccontr>Attribute data.</srccontr>
</srcinfo>
<procstep>
<procdesc>
Created blank Excel spreadsheet, began by initially populating with OSP codes and other selected attribute data from the RIGIS ritown5k dataset.  Added new Name, Address, Municipality, ZIP, community type, government model, year established, year incorporated, and website fields.
Copied address and other attribute data from http://www.ri.gov/towns.  Updated incomplete address data for Little Compton, Warren, Westerly.  Updated URL's for Coventry, North Providence.
Geocoded against RIE911 address location data.
Compared locations of city and town halls against prior version  of dataset distributed by RIGIS via the "near" ArcGIS command.  Reviewed and confirmed significant location differences between the datasets using supplemental information from municipal websites, RIE911 sites data, and Google Street View (when available).
</procdesc>
<srcused>RI.gov_website, e911Sites13q1, ritown5k</srcused>
<procdate>20130312</procdate>
<proccont>
<cntinfo>
<cntorgp>
<cntorg>University of Rhode Island Environmental Data Center</cntorg>
<cntper>Greg Bonynge</cntper>
</cntorgp>
<cntaddr>
<addrtype>mailing and physical</addrtype>
<address>1 Greenhouse Road</address>
<city>Kingston</city>
<state>RI</state>
<postal>02881</postal>
</cntaddr>
<cntvoice>401-874-2180</cntvoice>
<cntemail>greg@edc.uri.edu</cntemail>
<cntinst>email preferred</cntinst>
</cntinfo>
</proccont>
</procstep>
<procstep>
<procdesc>Data contributed to RIGIS by the University of Rhode Island Environmental Data Center.  Metadata were reviewed, minor updates made to content, RIGIS distribution information added.</procdesc>
<procdate>20130319</procdate>
<proccont>
<cntinfo>
<cntorgp>
<cntorg>University of Rhode Island Environmental Data Center</cntorg>
<cntper>Greg Bonynge</cntper>
</cntorgp>
<cntaddr>
<addrtype>mailing and physical</addrtype>
<address>1 Greenhouse Road</address>
<city>Kingston</city>
<state>RI</state>
<postal>02881</postal>
</cntaddr>
<cntvoice>401-874-2180</cntvoice>
<cntemail>greg@edc.uri.edu</cntemail>
<cntinst>email preferred</cntinst>
</cntinfo>
</proccont>
</procstep>
</lineage>
</dataqual>
<spdoinfo>
<direct>Vector</direct>
<ptvctinf>
<sdtsterm>
<sdtstype>Entity point</sdtstype>
<ptvctcnt>39</ptvctcnt>
</sdtsterm>
</ptvctinf>
</spdoinfo>
<spref>
<horizsys>
<planar>
<mapproj>
<mapprojn>NAD 1983 StatePlane Rhode Island FIPS 3800 Feet</mapprojn>
<transmer>
<sfctrmer>0.99999375</sfctrmer>
<longcm>-71.5</longcm>
<latprjo>41.08333333333334</latprjo>
<feast>328083.3333333333</feast>
<fnorth>0.0</fnorth>
</transmer>
</mapproj>
<planci>
<plance>coordinate pair</plance>
<coordrep>
<absres>0.000000007286382608384659</absres>
<ordres>0.000000007286382608384659</ordres>
</coordrep>
<plandu>foot_us</plandu>
</planci>
</planar>
<geodetic>
<horizdn>D North American 1983</horizdn>
<ellips>GRS 1980</ellips>
<semiaxis>6378137.0</semiaxis>
<denflat>298.257222101</denflat>
</geodetic>
</horizsys>
</spref>
<eainfo>
<detailed>
<enttyp>
<enttypl>townHalls13</enttypl>
<enttypd>Rhode Island city and town halls</enttypd>
<enttypds>University of Rhode Island Environmental Data Center</enttypds>
</enttyp>
<attr>
<attrlabl>FID</attrlabl>
<attrdef>Internal feature number.</attrdef>
<attrdefs>Esri</attrdefs>
<attrdomv>
<udom>Sequential unique whole numbers that are automatically generated.</udom>
</attrdomv>
</attr>
<attr>
<attrlabl>Shape</attrlabl>
<attrdef>Feature geometry.</attrdef>
<attrdefs>Esri</attrdefs>
<attrdomv>
<udom>Coordinates defining the features.</udom>
</attrdomv>
</attr>
<attr>
<attrlabl>NAME</attrlabl>
<attrdef>Name of the city or town hall.</attrdef>
<attrdefs>University of Rhode Island Environmental Data Center</attrdefs>
<attrdomv>
<udom>Free text.</udom>
</attrdomv>
</attr>
<attr>
<attrlabl>TWNCODE</attrlabl>
<attrdef>Shorthand alpha code representing the name of each town, created by the State of Rhode Island, Department of Administration, Division of Planning, Statewide Planning Program.</attrdef>
<attrdefs>State of Rhode Island, Department of Administration, Division of Planning, Statewide Planning Program</attrdefs>
<attrdomv>
<edom>
<edomv>BA</edomv>
<edomvd>Barrington</edomvd>
<edomvds>State of Rhode Island, Department of Administration, Division of Planning, Statewide Planning Program</edomvds>
</edom>
<edom>
<edomv>BR</edomv>
<edomvd>Bristol</edomvd>
<edomvds>State of Rhode Island, Department of Administration, Division of Planning, Statewide Planning Program</edomvds>
</edom>
<edom>
<edomv>BU</edomv>
<edomvd>Burrillville</edomvd>
<edomvds>State of Rhode Island, Department of Administration, Division of Planning, Statewide Planning Program</edomvds>
</edom>
<edom>
<edomv>CF</edomv>
<edomvd>Central Falls</edomvd>
<edomvds>State of Rhode Island, Department of Administration, Division of Planning, Statewide Planning Program</edomvds>
</edom>
<edom>
<edomv>CH</edomv>
<edomvd>Charlestown</edomvd>
<edomvds>State of Rhode Island, Department of Administration, Division of Planning, Statewide Planning Program</edomvds>
</edom>
<edom>
<edomv>CO</edomv>
<edomvd>Coventry</edomvd>
<edomvds>State of Rhode Island, Department of Administration, Division of Planning, Statewide Planning Program</edomvds>
</edom>
<edom>
<edomv>CR</edomv>
<edomvd>Cranston</edomvd>
<edomvds>State of Rhode Island, Department of Administration, Division of Planning, Statewide Planning Program</edomvds>
</edom>
<edom>
<edomv>CU</edomv>
<edomvd>Cumberland</edomvd>
<edomvds>State of Rhode Island, Department of Administration, Division of Planning, Statewide Planning Program</edomvds>
</edom>
<edom>
<edomv>EG</edomv>
<edomvd>East Greenwich</edomvd>
<edomvds>State of Rhode Island, Department of Administration, Division of Planning, Statewide Planning Program</edomvds>
</edom>
<edom>
<edomv>EP</edomv>
<edomvd>East Providence</edomvd>
<edomvds>State of Rhode Island, Department of Administration, Division of Planning, Statewide Planning Program</edomvds>
</edom>
<edom>
<edomv>EX</edomv>
<edomvd>Exeter</edomvd>
<edomvds>State of Rhode Island, Department of Administration, Division of Planning, Statewide Planning Program</edomvds>
</edom>
<edom>
<edomv>FO</edomv>
<edomvd>Foster</edomvd>
<edomvds>State of Rhode Island, Department of Administration, Division of Planning, Statewide Planning Program</edomvds>
</edom>
<edom>
<edomv>GL</edomv>
<edomvd>Glocester</edomvd>
<edomvds>State of Rhode Island, Department of Administration, Division of Planning, Statewide Planning Program</edomvds>
</edom>
<edom>
<edomv>HO</edomv>
<edomvd>Hopkinton</edomvd>
<edomvds>State of Rhode Island, Department of Administration, Division of Planning, Statewide Planning Program</edomvds>
</edom>
<edom>
<edomv>JA</edomv>
<edomvd>Jamestown</edomvd>
<edomvds>State of Rhode Island, Department of Administration, Division of Planning, Statewide Planning Program</edomvds>
</edom>
<edom>
<edomv>JO</edomv>
<edomvd>Johnston</edomvd>
<edomvds>State of Rhode Island, Department of Administration, Division of Planning, Statewide Planning Program</edomvds>
</edom>
<edom>
<edomv>LI</edomv>
<edomvd>Lincoln</edomvd>
<edomvds>State of Rhode Island, Department of Administration, Division of Planning, Statewide Planning Program</edomvds>
</edom>
<edom>
<edomv>LC</edomv>
<edomvd>Little Compton</edomvd>
<edomvds>State of Rhode Island, Department of Administration, Division of Planning, Statewide Planning Program</edomvds>
</edom>
<edom>
<edomv>MI</edomv>
<edomvd>Middletown</edomvd>
<edomvds>State of Rhode Island, Department of Administration, Division of Planning, Statewide Planning Program</edomvds>
</edom>
<edom>
<edomv>NA</edomv>
<edomvd>Narragansett</edomvd>
<edomvds>State of Rhode Island, Department of Administration, Division of Planning, Statewide Planning Program</edomvds>
</edom>
<edom>
<edomv>BI</edomv>
<edomvd>New Shoreham</edomvd>
<edomvds>State of Rhode Island, Department of Administration, Division of Planning, Statewide Planning Program</edomvds>
</edom>
<edom>
<edomv>NE</edomv>
<edomvd>Newport</edomvd>
<edomvds>State of Rhode Island, Department of Administration, Division of Planning, Statewide Planning Program</edomvds>
</edom>
<edom>
<edomv>NK</edomv>
<edomvd>North Kingstown</edomvd>
<edomvds>State of Rhode Island, Department of Administration, Division of Planning, Statewide Planning Program</edomvds>
</edom>
<edom>
<edomv>NP</edomv>
<edomvd>North Providence</edomvd>
<edomvds>State of Rhode Island, Department of Administration, Division of Planning, Statewide Planning Program</edomvds>
</edom>
<edom>
<edomv>NS</edomv>
<edomvd>North Smithfield</edomvd>
<edomvds>State of Rhode Island, Department of Administration, Division of Planning, Statewide Planning Program</edomvds>
</edom>
<edom>
<edomv>PA</edomv>
<edomvd>Pawtucket</edomvd>
<edomvds>State of Rhode Island, Department of Administration, Division of Planning, Statewide Planning Program</edomvds>
</edom>
<edom>
<edomv>PO</edomv>
<edomvd>Portsmouth</edomvd>
<edomvds>State of Rhode Island, Department of Administration, Division of Planning, Statewide Planning Program</edomvds>
</edom>
<edom>
<edomv>PR</edomv>
<edomvd>Providence</edomvd>
<edomvds>State of Rhode Island, Department of Administration, Division of Planning, Statewide Planning Program</edomvds>
</edom>
<edom>
<edomv>RM</edomv>
<edomvd>Richmond</edomvd>
<edomvds>State of Rhode Island, Department of Administration, Division of Planning, Statewide Planning Progra</edomvds>
</edom>
<edom>
<edomv>SC</edomv>
<edomvd>Scituate</edomvd>
<edomvds>State of Rhode Island, Department of Administration, Division of Planning, Statewide Planning Program</edomvds>
</edom>
<edom>
<edomv>SM</edomv>
<edomvd>Smithfield</edomvd>
<edomvds>State of Rhode Island, Department of Administration, Division of Planning, Statewide Planning Program</edomvds>
</edom>
<edom>
<edomv>SK</edomv>
<edomvd>South Kingstown</edomvd>
<edomvds>State of Rhode Island, Department of Administration, Division of Planning, Statewide Planning Program</edomvds>
</edom>
<edom>
<edomv>TI</edomv>
<edomvd>Tiverton</edomvd>
<edomvds>State of Rhode Island, Department of Administration, Division of Planning, Statewide Planning Program</edomvds>
</edom>
<edom>
<edomv>WN</edomv>
<edomvd>Warren</edomvd>
<edomvds>State of Rhode Island, Department of Administration, Division of Planning, Statewide Planning Program</edomvds>
</edom>
<edom>
<edomv>WK</edomv>
<edomvd>Warwick</edomvd>
<edomvds>State of Rhode Island, Department of Administration, Division of Planning, Statewide Planning Program</edomvds>
</edom>
<edom>
<edomv>WG</edomv>
<edomvd>West Greenwich</edomvd>
<edomvds>State of Rhode Island, Department of Administration, Division of Planning, Statewide Planning Program</edomvds>
</edom>
<edom>
<edomv>WW</edomv>
<edomvd>West Warwick</edomvd>
<edomvds>State of Rhode Island, Department of Administration, Division of Planning, Statewide Planning Program</edomvds>
</edom>
<edom>
<edomv>WY</edomv>
<edomvd>Westerly</edomvd>
<edomvds>State of Rhode Island, Department of Administration, Division of Planning, Statewide Planning Program</edomvds>
</edom>
<edom>
<edomv>WO</edomv>
<edomvd>Woonsocket</edomvd>
<edomvds>State of Rhode Island, Department of Administration, Division of Planning, Statewide Planning Program</edomvds>
</edom>
</attrdomv>
</attr>
<attr>
<attrlabl>OSP</attrlabl>
<attrdef>A numeric city town identifier.</attrdef>
<attrdefs>State of Rhode Island, Department of Administration, Division of Planning, Statewide Planning Program</attrdefs>
<attrdomv>
<edom>
<edomv>1</edomv>
<edomvd>Barrington</edomvd>
<edomvds>State of Rhode Island, Department of Administration, Division of Planning, Statewide Planning Program</edomvds>
</edom>
<edom>
<edomv>2</edomv>
<edomvd>Bristol</edomvd>
<edomvds>State of Rhode Island, Department of Administration, Division of Planning, Statewide Planning Program</edomvds>
</edom>
<edom>
<edomv>3</edomv>
<edomvd>Burrillville</edomvd>
<edomvds>State of Rhode Island, Department of Administration, Division of Planning, Statewide Planning Program</edomvds>
</edom>
<edom>
<edomv>4</edomv>
<edomvd>Central Falls</edomvd>
<edomvds>State of Rhode Island, Department of Administration, Division of Planning, Statewide Planning Program</edomvds>
</edom>
<edom>
<edomv>5</edomv>
<edomvd>Charlestown</edomvd>
<edomvds>State of Rhode Island, Department of Administration, Division of Planning, Statewide Planning Program</edomvds>
</edom>
<edom>
<edomv>6</edomv>
<edomvd>Coventry</edomvd>
<edomvds>State of Rhode Island, Department of Administration, Division of Planning, Statewide Planning Program</edomvds>
</edom>
<edom>
<edomv>7</edomv>
<edomvd>Cranston</edomvd>
<edomvds>State of Rhode Island, Department of Administration, Division of Planning, Statewide Planning Program</edomvds>
</edom>
<edom>
<edomv>8</edomv>
<edomvd>Cumberland</edomvd>
<edomvds>State of Rhode Island, Department of Administration, Division of Planning, Statewide Planning Program</edomvds>
</edom>
<edom>
<edomv>9</edomv>
<edomvd>East Greenwich</edomvd>
<edomvds>State of Rhode Island, Department of Administration, Division of Planning, Statewide Planning Program</edomvds>
</edom>
<edom>
<edomv>10</edomv>
<edomvd>East Providence</edomvd>
<edomvds>State of Rhode Island, Department of Administration, Division of Planning, Statewide Planning Program</edomvds>
</edom>
<edom>
<edomv>11</edomv>
<edomvd>Exeter</edomvd>
<edomvds>State of Rhode Island, Department of Administration, Division of Planning, Statewide Planning Program</edomvds>
</edom>
<edom>
<edomv>12</edomv>
<edomvd>Foster</edomvd>
<edomvds>State of Rhode Island, Department of Administration, Division of Planning, Statewide Planning Program</edomvds>
</edom>
<edom>
<edomv>13</edomv>
<edomvd>Glocester</edomvd>
<edomvds>State of Rhode Island, Department of Administration, Division of Planning, Statewide Planning Program</edomvds>
</edom>
<edom>
<edomv>14</edomv>
<edomvd>Hopkinton</edomvd>
<edomvds>State of Rhode Island, Department of Administration, Division of Planning, Statewide Planning Program</edomvds>
</edom>
<edom>
<edomv>15</edomv>
<edomvd>Jamestown</edomvd>
<edomvds>State of Rhode Island, Department of Administration, Division of Planning, Statewide Planning Program</edomvds>
</edom>
<edom>
<edomv>16</edomv>
<edomvd>Johnston</edomvd>
<edomvds>State of Rhode Island, Department of Administration, Division of Planning, Statewide Planning Program</edomvds>
</edom>
<edom>
<edomv>17</edomv>
<edomvd>Lincoln</edomvd>
<edomvds>State of Rhode Island, Department of Administration, Division of Planning, Statewide Planning Program</edomvds>
</edom>
<edom>
<edomv>18</edomv>
<edomvd>Little Compton</edomvd>
<edomvds>State of Rhode Island, Department of Administration, Division of Planning, Statewide Planning Program</edomvds>
</edom>
<edom>
<edomv>19</edomv>
<edomvd>Middletown</edomvd>
<edomvds>State of Rhode Island, Department of Administration, Division of Planning, Statewide Planning Program</edomvds>
</edom>
<edom>
<edomv>20</edomv>
<edomvd>Narragansett</edomvd>
<edomvds>State of Rhode Island, Department of Administration, Division of Planning, Statewide Planning Program</edomvds>
</edom>
<edom>
<edomv>22</edomv>
<edomvd>New Shoreham</edomvd>
<edomvds>State of Rhode Island, Department of Administration, Division of Planning, Statewide Planning Program</edomvds>
</edom>
<edom>
<edomv>21</edomv>
<edomvd>Newport</edomvd>
<edomvds>State of Rhode Island, Department of Administration, Division of Planning, Statewide Planning Program</edomvds>
</edom>
<edom>
<edomv>23</edomv>
<edomvd>North Kingstown</edomvd>
<edomvds>State of Rhode Island, Department of Administration, Division of Planning, Statewide Planning Program</edomvds>
</edom>
<edom>
<edomv>24</edomv>
<edomvd>North Providence</edomvd>
<edomvds>State of Rhode Island, Department of Administration, Division of Planning, Statewide Planning Program</edomvds>
</edom>
<edom>
<edomv>25</edomv>
<edomvd>North Smithfield</edomvd>
<edomvds>State of Rhode Island, Department of Administration, Division of Planning, Statewide Planning Program</edomvds>
</edom>
<edom>
<edomv>26</edomv>
<edomvd>Pawtucket</edomvd>
<edomvds>State of Rhode Island, Department of Administration, Division of Planning, Statewide Planning Program</edomvds>
</edom>
<edom>
<edomv>27</edomv>
<edomvd>Portsmouth</edomvd>
<edomvds>State of Rhode Island, Department of Administration, Division of Planning, Statewide Planning Program</edomvds>
</edom>
<edom>
<edomv>28</edomv>
<edomvd>Providence</edomvd>
<edomvds>State of Rhode Island, Department of Administration, Division of Planning, Statewide Planning Program</edomvds>
</edom>
<edom>
<edomv>29</edomv>
<edomvd>Richmond</edomvd>
<edomvds>State of Rhode Island, Department of Administration, Division of Planning, Statewide Planning Program</edomvds>
</edom>
<edom>
<edomv>30</edomv>
<edomvd>Scituate</edomvd>
<edomvds>State of Rhode Island, Department of Administration, Division of Planning, Statewide Planning Program</edomvds>
</edom>
<edom>
<edomv>31</edomv>
<edomvd>Smithfield</edomvd>
<edomvds>State of Rhode Island, Department of Administration, Division of Planning, Statewide Planning Program</edomvds>
</edom>
<edom>
<edomv>32</edomv>
<edomvd>South Kingstown</edomvd>
<edomvds>State of Rhode Island, Department of Administration, Division of Planning, Statewide Planning Program</edomvds>
</edom>
<edom>
<edomv>33</edomv>
<edomvd>Tiverton</edomvd>
<edomvds>State of Rhode Island, Department of Administration, Division of Planning, Statewide Planning Program</edomvds>
</edom>
<edom>
<edomv>34</edomv>
<edomvd>Warren</edomvd>
<edomvds>State of Rhode Island, Department of Administration, Division of Planning, Statewide Planning Program</edomvds>
</edom>
<edom>
<edomv>35</edomv>
<edomvd>Warwick</edomvd>
<edomvds>State of Rhode Island, Department of Administration, Division of Planning, Statewide Planning Program</edomvds>
</edom>
<edom>
<edomv>37</edomv>
<edomvd>West Greenwich</edomvd>
<edomvds>State of Rhode Island, Department of Administration, Division of Planning, Statewide Planning Program</edomvds>
</edom>
<edom>
<edomv>38</edomv>
<edomvd>West Warwick</edomvd>
<edomvds>State of Rhode Island, Department of Administration, Division of Planning, Statewide Planning Program</edomvds>
</edom>
<edom>
<edomv>36</edomv>
<edomvd>Westerly</edomvd>
<edomvds>State of Rhode Island, Department of Administration, Division of Planning, Statewide Planning Program</edomvds>
</edom>
<edom>
<edomv>39</edomv>
<edomvd>Woonsocket</edomvd>
<edomvds>State of Rhode Island, Department of Administration, Division of Planning, Statewide Planning Program</edomvds>
</edom>
</attrdomv>
</attr>
<attr>
<attrlabl>COUNTY</attrlabl>
<attrdef>County Name</attrdef>
<attrdefs>State of Rhode Island, Department of Administration, Division of Planning, Statewide Planning Program</attrdefs>
<attrdomv></attrdomv>
<attrdomv>
<udom>Free text.</udom>
</attrdomv>
</attr>
<attr>
<attrlabl>ADDRESS</attrlabl>
<attrdef>Street address of the city or town hall.</attrdef>
<attrdefs>University of Rhode Island Environmental Data Center</attrdefs>
<attrdomv></attrdomv>
<attrdomv>
<udom>Free text.</udom>
</attrdomv>
</attr>
<attr>
<attrlabl>TOWN</attrlabl>
<attrdef>Municipality where city/town hall is located; also a component of the street address.</attrdef>
<attrdefs>University of Rhode Island Environmental Data Center</attrdefs>
<attrdomv>
<udom>Free text.</udom>
</attrdomv>
</attr>
<attr>
<attrlabl>ZIP</attrlabl>
<attrdef>United States Postal Service ZIP code associated with the city/town street address.</attrdef>
<attrdefs>University of Rhode Island Environmental Data Center</attrdefs>
<attrdomv>
<codesetd>
<codesetn>United States Postal Service ZIP codes</codesetn>
<codesets>United States Postal Service</codesets>
</codesetd>
</attrdomv>
</attr>
<attr>
<attrlabl>MUNITYPE</attrlabl>
<attrdef>Defines if the municipality associated with the city/town hall is incorporated as a city or town.</attrdef>
<attrdefs>University of Rhode Island Environmental Data Center</attrdefs>
<attrdomv>
<edom>
<edomv>city</edomv>
<edomvd>The municipality associated with the city/town hall is incorporated as a city.</edomvd>
<edomvds>University of Rhode Island Environmental Data Center</edomvds>
</edom>
<edom>
<edomv>town</edomv>
<edomvd>The municipality associated with the city/town hall is incorporated as a town.</edomvd>
<edomvds>University of Rhode Island Environmental Data Center</edomvds>
</edom>
</attrdomv>
</attr>
<attr>
<attrlabl>HALLTYPE</attrlabl>
<attrdef>Defines how a municipality refers to its seat of government, e.g. a "City Hall" or "Town Hall".</attrdef>
<attrdefs>University of Rhode Island Environmental Data Center</attrdefs>
<attrdomv></attrdomv>
<attrdomv>
<edom>
<edomv>City Hall</edomv>
<edomvd>The municipality defines its seat of government as a "City Hall".</edomvd>
<edomvds>University of Rhode Island Environmental Data Center</edomvds>
</edom>
<edom>
<edomv>Town Hall</edomv>
<edomvd>The municipality defines its seat of government as a "Town Hall".</edomvd>
<edomvds>University of Rhode Island Environmental Data Center</edomvds>
</edom>
</attrdomv>
</attr>
<attr>
<attrlabl>GOVFORM</attrlabl>
<attrdef>The general form of governance adapted by the municipality.</attrdef>
<attrdefs>University of Rhode Island Environmental Data Center</attrdefs>
<attrdomv>
<edom>
<edomv>CCMG</edomv>
<edomvd>City council, appointed city manager.</edomvd>
<edomvds>University of Rhode Island Environmental Data Center</edomvds>
</edom>
<edom>
<edomv>CCMGMY</edomv>
<edomvd>City council, appointed city manager, mayor elected from within city council.</edomvd>
<edomvds>University of Rhode Island Environmental Data Center</edomvds>
</edom>
<edom>
<edomv>CCMY</edomv>
<edomvd>City council and elected mayor.</edomvd>
<edomvds>University of Rhode Island Environmental Data Center</edomvds>
</edom>
<edom>
<edomv>TC</edomv>
<edomvd>Town council only.</edomvd>
<edomvds>University of Rhode Island Environmental Data Center</edomvds>
</edom>
<edom>
<edomv>TCAA</edomv>
<edomvd>Town council and appointed town administrator.</edomvd>
<edomvds>University of Rhode Island Environmental Data Center</edomvds>
</edom>
<edom>
<edomv>TCEA</edomv>
<edomvd>Town council and elected town administrator.</edomvd>
<edomvds>University of Rhode Island Environmental Data Center</edomvds>
</edom>
<edom>
<edomv>TCMG</edomv>
<edomvd>Town council and appointed town manager.</edomvd>
<edomvds>University of Rhode Island Environmental Data Center</edomvds>
</edom>
<edom>
<edomv>TCMY</edomv>
<edomvd>town council and elected mayor.</edomvd>
<edomvds>University of Rhode Island Environmental Data Center</edomvds>
</edom>
</attrdomv>
</attr>
<attr>
<attrlabl>ESTAB</attrlabl>
<attrdef>Year the municipality was established.</attrdef>
<attrdefs>University of Rhode Island Environmental Data Center</attrdefs>
<attrdomv>
<rdom>
<rdommin>1620</rdommin>
<rdommax>1888</rdommax>
<attrunit>calendar year</attrunit>
<attrmres>1</attrmres>
</rdom>
</attrdomv>
</attr>
<attr>
<attrlabl>INCORP</attrlabl>
<attrdef>Year the municipality was incorporated.</attrdef>
<attrdefs>University of Rhode Island Environmental Data Center</attrdefs>
<attrdomv>
<rdom>
<rdommin>1640</rdommin>
<rdommax>1958</rdommax>
<attrunit>calendar year</attrunit>
<attrmres>1</attrmres>
</rdom>
</attrdomv>
</attr>
<attr>
<attrlabl>PHONE</attrlabl>
<attrdef>Primary phone number of the city/town hall.</attrdef>
<attrdefs>University of Rhode Island Environmental Data Center</attrdefs>
<attrdomv>
<udom>Phone number.</udom>
</attrdomv>
</attr>
<attr>
<attrlabl>URL</attrlabl>
<attrdef>Primary website address (URL) used by the municipal government for sharing information with the general public.</attrdef>
<attrdefs>University of Rhode Island Environmental Data Center</attrdefs>
<attrdomv>
<udom>Website addresses (URLs).</udom>
</attrdomv>
</attr>
</detailed>
</eainfo>
<distinfo>
<distrib>
<cntinfo>
<cntorgp>
<cntorg>University of Rhode Island Environmental Data Center</cntorg>
<cntper>Erica Tefft</cntper>
</cntorgp>
<cntaddr>
<addrtype>mailing and physical</addrtype>
<address>1 Greenhouse Road</address>
<city>Kingston</city>
<state>RI</state>
<postal>02881</postal>
</cntaddr>
<cntvoice>401-874-5054</cntvoice>
<cntemail>erica@edc.uri.edu</cntemail>
<cntinst>email preferred</cntinst>
</cntinfo>
</distrib>
<distliab>This dataset is provided 'as is.'  The producer(s) of this dataset, contributors to this dataset, the Rhode Island Geographic Information System (RIGIS) consortium, the State of Rhode Island, and the University of Rhode Island do not make any warranties of any kind for this dataset, and are not liable for any loss or damage however and whenever caused by any use of this dataset.</distliab>
<stdorder>
<digform>
<digtinfo>
<formname>Esri shapefile</formname>
<filedec>ZIP</filedec>
</digtinfo>
<digtopt>
<onlinopt>
<computer>
<networka>
<networkr>http://www.rigis.org</networkr>
</networka>
</computer>
</onlinopt>
</digtopt>
</digform>
<fees>No fee for downloading directly from the RIGIS Data Distribution System located at http://www.rigis.org.</fees>
</stdorder>
</distinfo>
<metainfo>
<metd>20130319</metd>
<metrd>20130321</metrd>
<metc>
<cntinfo>
<cntorgp>
<cntorg>University of Rhode Island Environmental Data Center</cntorg>
<cntper>Greg Bonynge</cntper>
</cntorgp>
<cntaddr>
<addrtype>mailing and physical</addrtype>
<address>1 Greenhouse Road</address>
<city>Kingston</city>
<state>RI</state>
<postal>02881</postal>
</cntaddr>
<cntvoice>401-874-2180</cntvoice>
<cntemail>greg@edc.uri.edu</cntemail>
<cntinst>email preferred</cntinst>
</cntinfo>
</metc>
<metstdn>FGDC Content Standard for Digital Geospatial Metadata</metstdn>
<metstdv>FGDC-STD-001-1998</metstdv>
<mettc>local time</mettc>
</metainfo>
</metadata>
