<?xml version="1.0" encoding="UTF-8"?>
<metadata xml:lang="en"><Esri><CreaDate>20200107</CreaDate><CreaTime>15103300</CreaTime><ArcGISFormat>1.0</ArcGISFormat><SyncOnce>TRUE</SyncOnce><DataProperties><itemProps><itemLocation><linkage Sync="TRUE">file://\\DMY8LQ2\C$\Classes\NRS_522\Data\lakes5k10.txt</linkage><protocol Sync="TRUE">Local Area Network</protocol></itemLocation></itemProps><copyHistory><copy source="C:\Classes\NRS_522\Data\lakes\lakes5k10.txt" dest="\\DMY8LQ2\C$\Classes\NRS_522\Data\lakes5k10.txt" date="20200107" time="15103300"></copy></copyHistory></DataProperties></Esri></metadata>
