<?xml version="1.0" encoding="UTF-8"?>
<metadata xml:lang="en"><Esri><CreaDate>20200107</CreaDate><CreaTime>15114100</CreaTime><ArcGISFormat>1.0</ArcGISFormat><SyncOnce>TRUE</SyncOnce><DataProperties><itemProps><itemLocation><linkage Sync="TRUE">file://\\DMY8LQ2\C$\Classes\NRS_522\Data\wetlands</linkage><protocol Sync="TRUE">Local Area Network</protocol></itemLocation></itemProps><copyHistory><copy source="C:\Classes\NRS_522\Data\wetlands\wetlands" dest="\\DMY8LQ2\C$\Classes\NRS_522\Data\wetlands" date="20200107" time="15114100"></copy></copyHistory><lineage><Process ToolSource="c:\program files (x86)\arcgis\desktop10.5\ArcToolbox\Toolboxes\Data Management Tools.tbx\AddGeometryAttributes" Date="20200114" Time="113229">AddGeometryAttributes wetlands AREA # HECTARES #</Process><Process ToolSource="c:\program files (x86)\arcgis\desktop10.5\ArcToolbox\Toolboxes\Data Management Tools.tbx\AddGeometryAttributes" Date="20200114" Time="113321">AddGeometryAttributes wetlands AREA # HECTARES #</Process></lineage></DataProperties></Esri></metadata>
