<?xml version="1.0" encoding="UTF-8"?>
<metadata><idinfo><citation><citeinfo><origin>U.S. Fish and Wildlife Service</origin><pubdate>201405</pubdate><title Sync="TRUE">National Wetlands Inventory (NWI) for Rhode Island; NWI14</title><geoform Sync="TRUE">vector digital data</geoform><serinfo><sername>Classification of Wetlands and Deepwater Habitats of the United States.  U.S. Department of the Interior, Fish and Wildlife Service, Washington, DC.  FWS/OBS-79/31.</sername></serinfo><pubinfo><pubplace>Washington, D.C.</pubplace><publish>U.S. Fish and Wildlife Service, Division of Habitat and Resouce Conservation</publish></pubinfo><othercit>Suggested bibliographic reference: RIGIS, 2014. National Wetland Inventory (NWI) for Rhode Island; NWI14. Rhode Island Geographic Information System (RIGIS) Data Distribution System, URL: http://www.rigis.org, Environmental Data Center, University of Rhode Island, Kingston, Rhode Island (last date accessed: 18 February 2015).</othercit><onlink>http://www.fws.gov/wetlands/</onlink><lworkcit><citeinfo><origin>Rhode Island Geographic Information System (RIGIS)</origin><pubdate>1993</pubdate><title>Rhode Island Geographic Information System (RIGIS) Data Distribution System</title><onlink>http://www.rigis.org</onlink></citeinfo></lworkcit></citeinfo></citation><descript><abstract>This data set represents the extent, approximate location and type of wetlands and deepwater habitats in Rhode Island.  These data delineate the areal extent of wetlands and surface waters as defined by Cowardin et al. (1979).  
Certain wetland habitats are excluded from the National mapping program because of the limitations of aerial imagery as the primary data source used to detect wetlands.  These habitats include seagrasses or submerged aquatic vegetation that are found in the intertidal and subtidal zones of estuaries and near shore coastal waters.  Some deepwater reef communities (coral or tuberficid worm reefs) have also been excluded from the inventory.  These habitats, because of their depth, go undetected by aerial imagery.     
By policy, the Service also excludes certain types of "farmed wetlands" as may be defined by the Food Security Act or that do not coincide with the Cowardin et al. definition.  Contact the Service's Regional Wetland Coordinator for additional information on what types of farmed wetlands are included on wetland maps.</abstract><purpose>The present goal of the Service is to provide the citizens of the United States and its Trust Territories with current geospatially referenced information on the status, extent, characteristics and functions of wetlands, riparian, deepwater and related aquatic habitats in priority areas to promote the understanding and conservation of these resources.</purpose><supplinf>The wetland maps were produced as topical overlays using U.S. Geological Survey topographic maps as the base.  The hard copy product is a composite map showing topographic and planimetric features from the USGS map base and wetlands and deepwater habitats from the Service's topical overlay.  Thus, the data are intended for use in publications, at a scale of 1:24,000 or smaller. Due to the scale, the primary intended use is for regional and watershed data display and analysis, rather than specific project data analysis.  The map products were neither designed or intended to represent legal or regulatory products.
Questions or comments regarding the interpretation or classification of wetlands or deepwater habitats can be addressed by visiting http://www.fws.gov/wetlands/FAQs.html
These data were developed in conjunction with the publication Cowardin, L.M., V. Carter, F.C. Golet, and E.T. LaRoe.  1979.  Classification of Wetlands and Deepwater Habitats of the United States.  U.S. Department of the Interior, Fish and Wildlife Service, Washington, DC.  FWS/OBS-79/31.  Alpha-numeric map codes have been developed to correspond to the wetland and deepwater classifications described.
These spatial data are not designed to stand alone.  They form topical overlays to the U.S. Geological Survey 1:24,000 or 1:25,000 scale topographic quadrangles.  Note that coastline delineations were drawn to follow the extent of wetland or deepwater features as described by this project and may not match the coastline shown in other base maps.
Any use of trade, product, or firm names is for descriptive purposes only and does not imply endorsement by the U.S. Government.
Although this Federal Geographic Data Committee-compliant metadata file is intended to document the data set in nonproprietary form, as well as in Arc/INFO format, this metadata file may include some Arc/INFO-specific terminology.</supplinf></descript><timeperd><timeinfo><rngdates><begdate>1977</begdate><enddate>201405</enddate></rngdates></timeinfo><current>ground condition</current></timeperd><status><progress>Ongoing</progress><update>In Continuous Increments</update></status><spdom><bounding><westbc Sync="TRUE">-71.896602</westbc><eastbc Sync="TRUE">-71.117442</eastbc><northbc Sync="TRUE">42.018935</northbc><southbc Sync="TRUE">41.145927</southbc></bounding></spdom><keywords><theme><themekt>ISO 19115 Topic Categories</themekt><themekey>biota</themekey></theme><theme><themekt>none</themekt><themekey>Wetlands</themekey><themekey>Deepwater habitats</themekey><themekey>Hydrography</themekey><themekey>Surface water</themekey><themekey>Swamps, marshes, bogs, fens</themekey></theme><place><placekt>none</placekt><placekey>Conterminous United States</placekey><placekey>United States</placekey><placekey>Rhode Island</placekey><placekey>New England</placekey></place></keywords><accconst>None</accconst><useconst>The producer makes no warranty, express or implied, related to the accuracy, reliability, completeness or currentness of these data or their suitability for any particular purpose or use. Private land depicted representative of invasive plant species on a particular property does not indicate public access to that site.
Acknowledgement of the U.S. Fish and Wildlife Service and (or) the National Wetlands Inventory would be appreciated in products derived from these data.
This dataset is provided 'as is.’  The producer(s) of this dataset, contributors to this dataset, the Rhode Island Geographic Information System (RIGIS) consortium, the State of Rhode Island, and the University of Rhode Island do not make any warranties of any kind for this dataset, and are not liable for any loss or damage however and whenever caused by any use of this dataset.
Please acknowledge both RIGIS and the primary producer(s) of this dataset in any derived products.  Versions of the RIGIS logo suitable for both printed and web-based products are available at http://www.rigis.org/logos.</useconst><ptcontac><cntinfo><cntorgp><cntorg>U.S. Fish and Wildlife Service</cntorg></cntorgp><cntpos>Wetlands Database Administrator</cntpos><cntaddr><addrtype>mailing and physical address</addrtype><address>505 Science Drive</address><city>Madison</city><state>WI</state><postal>53711</postal><country>USA</country></cntaddr><cntvoice>608-238-9333</cntvoice><cntfax>608-238-9334</cntfax><cntemail>wetlands_team@fws.gov</cntemail></cntinfo></ptcontac><datacred>U.S. Fish and Wildlife Service responsible for creation of the original dataset and metadata that were used as the basis for this state-specific dataset.</datacred><crossref><citeinfo><origin>U.S. Fish and Wildlife Serivce, National Wetlands Inventory</origin><pubdate>Various</pubdate><title>Wetlands and Deepwater Habitats of the Conterminous United States</title><edition>Version 1.0</edition><pubinfo><pubplace>Washington, D.C., USA</pubplace><publish>U.S. Fish and Wildlife Service</publish></pubinfo></citeinfo></crossref></idinfo><dataqual><attracc><attraccr>The source data was checked using standard review procedures. Attributes were checked by using visual inspection as well as automated verification routines.  Quality of the attribute information varies with age and mapping protocols used when individual maps were prepared.</attraccr><qattracc><attraccv>All polygons are attributed.</attraccv></qattracc></attracc><logic>Polygon and chain-node topology are present. Every polygon has a label.</logic><complete>This data set represents the extent of wetlands and deepwater habitats that can be determined with the use of remotely sensed data and within the timeframe for which the maps were produced. Wetlands are shown in all of the conterminous 48 states and the District of Columbia.  The accuracy of image interpretation depends on the quality of the imagery, the experience of the image analysts, the amount and quality of the collateral data, and the amount of ground truth verification work conducted.  
There is a margin error inherent in the use of imagery, thus detailed on-the-ground inspection of any particular site, may result in revision of the wetland boundaries or classification, established through image analysis.
Wetlands or other mapped features may have changed since the date or the imagery and/or field work.  There may be occasional differences in polygon boundaries or classifications between the information depicted on the map and the actual conditions on site.
All data represented in this specific dataset are contained within the borders of Rhode Island, however the above still applies.</complete><lineage><srcinfo><srccite><citeinfo><origin>U.S. Fish and Wildlife Service</origin><pubdate>20101001</pubdate><title>Wetlands and Deepwater Habitats of the Conterminous United States</title><serinfo><sername>National Wetlands Inventory Maps</sername></serinfo><pubinfo><pubplace>Washington, D.C.</pubplace><publish>U.S. Fish and Wildlife Service</publish></pubinfo></citeinfo></srccite><srcscale>1:24,000 and 1:25,000</srcscale><typesrc>Digital file and hard copy paper</typesrc><srctime><timeinfo><rngdates><begdate>1977</begdate><enddate>present</enddate></rngdates></timeinfo><srccurr>ground condition</srccurr></srctime><srccitea>NWI</srccitea><srccontr>Spatial information</srccontr></srcinfo><procstep><procdesc>Original stable base hard copy maps of wetland and deepwater habitats were created based on USGS state and quadrangle boundaries.  These maps were converted to digital files using various software packages (WAMS, ARC and others).  The digital files were stored as ESRI Import/Export files corresponding to a single 1:24,000 USGS quadrangle.  These digital files were imported and converted to ESRI Coverage format and checked for topological and attribute errors.  All coverages were converted from a UTM map projection to an Alber's Equal Area map projection and the horizontal datum was converted from NAD27 to NAD83 were necessary.  Polygons attributed as "Uplands" were removed from the dataset and polygons were merged at quadrangle boundaries where the quadrangle line divided polygons with the same attribute.  The data was loaded into a seamless SDE geodatabase for the conterminous United States.  These steps were conducted using both Arc Macro Language (AML) and ArcMap editing tools.  All point data from the original ESRI Coverages were buffered by 11.28 meters (1/10 of an acre) and incorporated into this polygon feature class.  Linear features from the original ESRI Coverages were merged at quadrangle boundaries where the quadrangle line divided lines with the same attribute.  Linear data is stored in a separate feature class.
Further data improvements included the conversion of all old wetland codes that contained 'OW' to the new code containing 'UB'.  All polygons labeled as 'OUT', 'No Data' and 'NP' were removed from the database.</procdesc><srcused>NWI</srcused></procstep><procstep><procdesc>Data for Rhode Island downloaded from http://www.fws.gov/wetlands/Data/State-Downloads.html. The shapefile for CONUS_wet_poly was reprojected from the Albers Equal Area projection to the Rhode Island State Plane Feet coordinate system. The data were then clipped to the Rhode Island state boundary (found on http://www.edc.uri.edu/rigis) to exclude all wetland data occuring outside the state of Rhode Island.  Original metadata record updated with this process step, citation information, and RIGIS distribution information.</procdesc><srcused>CONUS_wet_poly.shp</srcused><procdate>20140907</procdate><srcprod>NWI10</srcprod><proccont><cntinfo><cntorgp><cntorg>University of Rhode Island Environmental Data Center</cntorg><cntper>Erica Tefft</cntper></cntorgp><cntpos>Research Associate</cntpos><cntaddr><addrtype>mailing and physical</addrtype><address>1 Greenhouse Road</address><city>Kingston</city><state>RI</state><postal>02881</postal></cntaddr><cntvoice>401-874-5054</cntvoice><cntemail>erica_tefft@mail.uri.edu</cntemail><cntinst>Email preferred.</cntinst></cntinfo></proccont></procstep></lineage></dataqual><spdoinfo><direct Sync="TRUE">Vector</direct><ptvctinf><sdtsterm><sdtstype>polygons</sdtstype><ptvctcnt>18749</ptvctcnt></sdtsterm></ptvctinf></spdoinfo><spref><horizsys><planar><mapproj><mapprojn>NAD 1983 StatePlane Rhode Island FIPS 3800 Feet</mapprojn><transmer><sfctrmer>0.99999375</sfctrmer><longcm>-71.5</longcm><latprjo>41.08333333333334</latprjo><feast>328083.3333333333</feast><fnorth>0.0</fnorth></transmer></mapproj><planci><plance>coordinate pair</plance><coordrep><absres>0.000000007286382608384659</absres><ordres>0.000000007286382608384659</ordres></coordrep><plandu>foot_us</plandu></planci></planar><geodetic><horizdn>D North American 1983</horizdn><ellips>GRS 1980</ellips><semiaxis>6378137.0</semiaxis><denflat>298.257222101</denflat></geodetic></horizsys></spref><eainfo><detailed><enttyp Sync="TRUE"><enttypl>NWI10</enttypl><enttypd Sync="TRUE">Reference: Cowardin et al. 1979 -- subset of complete NWI dataset. Specific to Rhode Island.</enttypd><enttypds>U.S. Fish and Wildlife Service</enttypds></enttyp><attr><attrlabl Sync="TRUE">OBJECTID</attrlabl><attrdef>Internal feature number.</attrdef><attrdefs Sync="TRUE">ESRI</attrdefs><attrdomv><udom Sync="TRUE">Sequential unique whole numbers that are automatically generated.</udom></attrdomv></attr><attr><attrlabl Sync="TRUE">SHAPE</attrlabl><attrdef>Feature geometry.</attrdef><attrdefs>ESRI</attrdefs><attrdomv><udom Sync="TRUE">Coordinates defining the features.</udom></attrdomv></attr><attr><attrlabl Sync="TRUE">ATTRIBUTE</attrlabl><attrdef>Alphanumeric code identifying the wetland classification of the polygon.</attrdef><attrdefs>http://www.fws.gov/wetlands/Data/wetlandcodes.html</attrdefs></attr><attr><attrlabl>WETLAND_TY</attrlabl><attrdef>Wetland type.</attrdef><attrdomv><edom><edomv>Estuarine and Marine Deepwater</edomv></edom><edom><edomv>Estuarine and Marine Wetland</edomv></edom><edom><edomv>Freshwater and Emergent Wetland</edomv></edom><edom><edomv>Freshwater Forest/Shrub Wetland</edomv></edom><edom><edomv>Freshwater Pond</edomv></edom><edom><edomv>Lake</edomv></edom><edom><edomv>Other</edomv></edom><edom><edomv>Riverine</edomv></edom></attrdomv></attr><attr><attrlabl>ACRES</attrlabl><attrdef>Area of the polygon in acres.</attrdef><attrdefs>Calculated in an Rhode Island State Plan feet projection using ESRI's geometry calculator for Acres.</attrdefs></attr><attr><attrlabl>SHAPE_Leng</attrlabl></attr><attr><attrlabl>SHAPE_Area</attrlabl><attrdef>Area of feature in internal units squared.</attrdef><attrdefs>ESRI</attrdefs><attrdomv><udom>Positive real numbers that are automatically generated.</udom></attrdomv></attr></detailed></eainfo><distinfo><distrib><cntinfo><cntorgp><cntorg>University of Rhode Island Environmental Data Center</cntorg><cntper>Erica Tefft</cntper></cntorgp><cntaddr><addrtype>mailing and physical</addrtype><address>1 Greenhouse Road</address><city>Kingston</city><state>RI</state><postal>02881</postal></cntaddr><cntvoice>401-874-5054</cntvoice><cntemail>erica@edc.uri.edu</cntemail><cntinst>email preferred</cntinst></cntinfo></distrib><distliab>This dataset is provided 'as is.'  The producer(s) of this dataset, contributors to this dataset, the Rhode Island Geographic Information System (RIGIS) consortium, the State of Rhode Island, and the University of Rhode Island do not make any warranties of any kind for this dataset, and are not liable for any loss or damage however and whenever caused by any use of this dataset.</distliab><stdorder><digform><digtinfo><formname>Esri shapefile</formname><filedec>ZIP</filedec></digtinfo><digtopt><onlinopt><computer><networka><networkr>http://www.rigis.org</networkr></networka></computer></onlinopt></digtopt></digform><fees>No fee for downloading directly from the RIGIS Data Distribution System located at http://www.edc.uri.edu/rigis.</fees></stdorder></distinfo><metainfo><metd>20101001</metd><metrd>20150218</metrd><metc><cntinfo><cntorgp><cntorg>U.S. Fish and Wildlife Service</cntorg></cntorgp><cntpos>Wetlands Database Administrator</cntpos><cntaddr><addrtype>mailing and physical address</addrtype><address>505 Science Drive</address><city>Madison</city><state>WI</state><postal>53711</postal><country>USA</country></cntaddr><cntvoice>608-238-9333</cntvoice><cntfax>608-238-9334</cntfax><cntemail>wetlands_team@fws.gov</cntemail></cntinfo></metc><metstdn Sync="TRUE">FGDC Content Standards for Digital Geospatial Metadata</metstdn></metainfo><Esri><DataProperties><itemProps><itemLocation><linkage Sync="TRUE">file://\\DMY8LQ2\C$\Classes\NRS_522\Data\NWI14</linkage><protocol Sync="TRUE">Local Area Network</protocol></itemLocation></itemProps><copyHistory><copy source="C:\Classes\NRS_522\Data\wetlands\NWI14" dest="\\DMY8LQ2\C$\Classes\NRS_522\Data\NWI14" date="20200107" time="15114100"></copy></copyHistory></DataProperties></Esri></metadata>
